"Borough","Avg_unemployment"
"Bronx",14.2564671814672
"Brooklyn",12.394308850365
"Manhattan",10.2703309243058
"Queens",10.9623737373737
"Staten Island",9.77915993537965
